id,name,artist_popularity,followers,genre
0LyfQWJT6nXafLPZqxe9Of,Various Artists,0,2316620,
0axA1YjfJzDGos7uTWCTEi,Jay Jean,0,30,
1wGeXDyz0lExkylok5ThRP,VERFLACK,0,0,
1ABFLIvgieVQgMG2DViZBV,Darkwolf Luxury Operations,0,6,
4VeLu2hgyI2ZjGi8QGlpaR,Vocal Freakz,0,16,
5vttcavgtEsQ7YtPE9etGv,Karaoke Radar,0,7,
5iCv2liqLhw3trm2obHs2m,Jesse Mess,0,0,
53t9lMr52lnTBTztaQ96In,Jaybethetrapper,0,104,
06uRmWuRVX1VAWK2tzWCSe,Soultique Vine,0,5,
0QoegFd5whl5PZCdnzETSv,AbyssDryan,0,2,
3KPE6CKlNGl6gc6blZYir7,Likht,0,26,
3A41fhSiBqpVjZBW6J5LfY,aBSOLUTNO,0,24,
6rGEzy9HKs8rWpyNRJxYhe,The Abandoned Hearts Club,0,58,
6c9IzrHBT281NyC3m4ENju,Tee Jay Brown,0,2,
3Pdad1LrQM1Ia90iYRXjZX,Absydia,0,7,
0OKsfnhnhCpEVc5CiSyXn9,12 Inches A Slave,0,5,
7AeLNxCf7NKiD3h1Q1tUTC,Under Changeover,0,115,
73PW9jaLIOwx7IPK6hq0eL,Sim Beu Geum,0,7,
158qlIrJvvDmCegrETvmvs,Soulhowl,0,18,
12lmBBMRiEWpuM6vBnNYZz,Abyssal Agony,0,33,
5SwzcdO5bAs4A3UbtOXMPN,Jay Richardson & Ronnie Richardson,0,2,
0TUTshlj0LH5GzskGd2hbY,Studio 34,0,8,
5j94VEDbOkFSbnXQZXZU7B,Adrian Gonzo,0,16,
4j1dA5IY2gOQsgEp46BBTp,Spectral soul,0,34,
3o4fFpeUfQnpSWg5wnyYsx,Nancy Abercrombie,0,2,
6lDoCTI3b0GslcdgPpWMcF,Abruh,0,9,
5Etk2i35bo4IXBB1lEPkT1,Flat Sucks,0,67,
1FqOQvT7FagNXAlodXoQRu,Black Deer,0,31,
09GyGcAuvdKLbIVCVNeDxU,Jayrahx,0,114,
39g6mG7JH36plOV9dMcxom,Coastal Bend,0,10,
3UwG4hSRabVBVRFnNJJrDR,Schoolconcerten,0,0,
4AGkWKpn6nNPAtHanITZ6z,Ensemble Tamatakia,0,44,
1OAaIHzL4plidaReOnzTHQ,Jayface,0,39,
2upzuby5JJI3LUzuOJy6ba,school portraits,0,128,
3wXusyOzUzopUEOmeufteb,Moore Orange,0,27,
2FR36pdfKnlk77obi6qi3e,Rock n Roll Jay,0,39,
3Q8fv6ZYqiWwvThSI7yVID,Jay Cooper,0,4,
13WpiVdIF1O2i9HnK84nGm,Martin Clancy & The Witness Protection Programme,0,36,
5F0Co1ZpcDdklEiuoPNHnn,A.B.O,0,70,
2Ee5sSVn4tGZzO5RpkZ8N8,Loud Soul Disease,0,4,
5v8mq9tOzkI6Id4fSkt12z,Little Jay Fox,0,129,
59uEPUg8gC6KzwWu64tmAr,Nikko Starr,0,3,
4mGXkNQ2oOMSgZunsWL3a7,Ron Kristy,0,46,
2XyO9fblAUBhVlBm37D3Ci,The Underachievers,0,767,
0r7znyQygU1kwsPvi6aAMW,Abel Meri,0,182,
0tLbugT1JNBVAVI67G0J2K,Lights La Soul,0,51,
7bYkS5cBqsFAYX6BkGfIuh,"Ed Wiley, Jr.",0,89,
1kIVZMpIjy329XE7EhRFcd,しょうHEY,0,10,
1XHYEVBFUzzXeZfdgs1j72,The Abe Lincoln Story,0,14,
45AEnIfiyATDXR4NnahvgO,Pollution Attack,0,206,
6gJR8Kyzl1Ira0cFKzV6KD,XL THE BEAST,0,0,
5VHALOhoVOe2HOPjc2veq1,Absono,0,19,
5KuoTUB9MYcNyH9Djix2ze,Rockus,0,22,
6zqz0R8agnimKGLiC7XvJD,The South Sea Company,0,65,
1bvuXWRplfL9UjrE024MiY,B Silent,0,38,
1zLaVIcV7ycKbaEZTcyLqd,The Satanic Coalition of Underachievers,0,0,
4P0BDVVC8zLje4KNqD0ZXk,Royal Tea Music,0,10,
12YxwYIgRTY8qgMOGC57or,Abigail Vail,0,41,
2niEITEHqi4mwGxTSubX7Z,Jupiter Stone,0,99,
7ewWnG5QaBJc89iEke6m5p,Abby Lappen,0,31,
0odgqZKaX6LzvmqvqWJlRm,Ensemble de Cheikh Abdelaziz Ben Mahmoud,0,104,
1xQmqCoCiIr2yQ0DylKdoP,Shipley T,0,6,
0mbDqCsd0by68ZiFzpMiJX,Ace MEECHII,0,0,
0OIpJ2wmFRQe8OXxrl44Qv,Sboulouf Le Detective,0,19,
4xJIz5mCt4aS13WVYtGx50,Bud Souley,0,0,
3Gj7jA5Flu9E9SsM4H1RGn,WHISKEY POET SOCIETY,0,492,
60ALneRGgEDeljsRzxPr2W,44osama,0,10,
2d5DdX4CKj3IPXbV4po1Ca,"The Ancients (Paze, Black Panther & Mazzi of SOUL Purpose)",0,14,
7go0BzbIWeXhXneTSFgzOB,Alfred Abouchar,0,25,
57mfiwJDPFAM39kzhYyIeT,Wipeout,0,311,
2Ev5r7MPldJppAs9bclJJY,Brad Absher Band,0,49,
3MCSG0Z3wJ40yQJY3yHs5F,Key Ingredients of African Soul,0,12,
7kIPZaVGskaDmqEx2nedyC,FLATBAND,0,102,
5pPUJ2KSy6qUBTAjUfi1gO,SchoolBoy K,0,40,
0DmJL9hBd5g4GU7U2UmNvu,SoulËvolution,0,58,
4MEjpNOGc7C6xCxhdjSyUE,Xerophytic Soul,0,18,
1Y5kty2kLAOqoQZwv5IIJ9,SØULy,0,25,
5hBtacGrnKmOjXIuq41f4g,Ivan IV,0,3,
0Qv3vUScKLBajMziuSMBMu,DJ PAT JAY VS A.C.BROWN,0,1,
2bkD5DSoFQ0PbnBbWoESZK,Joe Adhemar,0,755,
1Fp5tzDNH5aIOFhxkXv5r0,Abdalla Nagi,0,2,
65cMsFh0bA7CE4rGmWIGqG,Soul Signa,0,8,
5qE8vS7TbTZ9jG3UzC9HHq,Bailey Hubbs,0,60,
6jfnyI9bHHvXXWQvPbAs5d,Obtruncation,0,75,
106nZG8dzCaZJrmmpl4kBO,AB’S,0,136,
4McxHK6GSCNFvhp9SZe9Dd,Fred Aberix,0,2,
5OyjuYk1yUSeb6ycd2XW41,Rocket Rollers,0,1,
15luDTJkEmWlyJaMrcACZu,SkhoolYard,0,217,
0lUYMFF8o0oHQhqvwLZiZu,ABSounds,0,2,
5e7zUWLTcXV3kU45TSEz6q,The Trooper,0,153,
1GzKz5AbWerK3IevNuhB8v,Abraham J. Thomas,0,3,
6Lhlj0czyGn1ah6RkHS9s2,The Original Jay Rockwell,0,8,
7s5G6wkCDIBRYGM8udnjPz,Jay Rapoport,0,104,
4TwTmzIsBGZvDb4yM5AuJe,Schoolfeestgoor,0,57,
1otbawqFUYxukJ5GPrMs5s,Calming Melodies Project,0,10,
4orOKV5MG3RkcyOHOeNked,Martin Reed,0,1,
5g61dVacQnYYkt0Nz8WPXZ,AbsoluteZero,0,106,
288mbzdj2IjZ6WC5fgThiS,Abner Almeida,0,2,
154Adjf2BDI766kin6JTlZ,Albert Michael Ward,0,42,
1YK3f6WFHbSB55Pk2bMN38,Soul Phlegm,0,86,
3XCxSaUudPre8Udnr6pDsd,Flat Fish,0,63,
23m5D1PPWqS1Bzd8KZ5IJ9,Shadowstar Boxing Academy,0,22,
0q7AVJ1ZJIzA2E3mUBo9w1,Old Soul Regiment,0,4,
3yRy7olgu8xhdx1RD7kYBc,MWD Jayso,0,2,
6L40RiebjDqrXkYpEnTLQO,Flat'n Sharp,0,44,
00MEqfeoDRaf15ND8o2ZEK,Underachievers,0,13,
7ab1mg2qUoWGJ8BkRE2Bs0,dave O,0,13,
1Sjf0OzJtYRy6U81oOVeoS,XAIM,0,37,
7kLDvQzFp88pS0geZetNbD,Soulkae'd,0,5,
6RkdbmFw5VwIBPB1c12WeM,John Turkey's Nightmares,0,63,
77KyCyLyDdDyRaRI2LqjRC,Soul Craft,0,2,
6gOjAL5Gyg6GuIcTCl8JaC,Artichokes,0,97,
6blgins1r4v8oKhiExAPax,School For Boys,0,17,
0APyGqMhV2IeuWmEdlT84V,Magic Crayon,0,35,
72g7zvMJJWF7e5cBQCVuJi,Abdoul Karim Diallo,0,26,
0VALNkRwojVe2PpOQP9Qqb,Big Jay V & The Band,0,9,
2eS0T3wo8yzBFJzz8Ty1sT,Flat White Music,0,21,
0fNvion0Xy2OeoQVMg4fWb,J Squad,0,330,
4vcyluVTBX2nluJwETsRMZ,School Girls End,0,11,
1zBJk8cQ5qcb1ABjKraf5W,Flatbroke Trio,0,109,
4fYoyKdvgqQEwaaY2Jir7G,Flatfoot Sam,0,79,
29dAOqF1uxkTQiPeLEAv8a,Schoolboy,0,1068,
21GvJ2DeAfMxSWir6LCKZX,Danstar Lord,0,9,
0dSSOHSh4N2XOM8h7QueGg,Male Jazz Background Tracks,0,10,
4jEwQy0f53ngWURs6HIMKa,Flat Bop,0,125,
398kWDRFRVIAqbrDoP9fhC,Matt Aldred,0,0,
4FkSXEdxfgSTqKSMrLHD0E,Purple Schoolbus,0,132,
0tNjj51t2NziRf8Ema08O7,Indigenous Melodies And Rhythms,0,2,
3XXbpFPpim5Bbc96Au3nKM,Sofia Sol,0,34,
5IeJ86o0REax4w4s6lLvQy,The Underachievers,0,12,
28ogzGXvjIBHDYiW3QGdBF,Sj3,0,1023,
3JggjrS7DS0n5rPUecPIig,Jan-E-Alam,0,34,
6U1NV3X6tt1HMqWDZpiI7h,The Speaker,0,6,
6dampjKSBqfCEY8cWMx23k,Hot Club of Flatbush,0,81,
6MdxrzmfMzur0FSTVIYmd6,Boston Blackie & Otis 'Big Smokey' Smothers,0,603,chicago blues
3JS5xrzLQgv1PjIYyTb4xD,Titty Bar Tim Blues Band,0,50,finnish blues
5LMUqcBh1sXY6vbkzeOY6O,Mercy Rule,0,197,alternative pop
5vMsA1UGCV70cRKM5zkuhr,Abby Brown,0,437,western americana
4sxa8ODPSZ2cphhTQELk0m,School for the Dead,0,93,western mass indie
4UiXUGDvfvRjpHLX8hW4pw,Frade Negro,0,461,brazilian heavy metal
6S7VETShwiuoA5c5vQ9VGB,Absolute Zen Masters,1,16,
3X3E008qSYNV7uYEhOYqzQ,J-Ricz,1,66,
0dVUwzBJPici6S1r7OAyen,T.G. Lingappa,1,180,
0BUXYYkT445va2T9WxB2Qt,Jan Röck,1,17,
174lU7FdMbCQjPIB6YvfUa,Neckbreakerz,1,157,
1BDYUulTCtx1J2PP7QEVRE,Seraphine Monien,1,101,
6CpfcxyyS8kQV2CdGL8yiK,AB+,1,150,
4rLxaKDVVhJx0E2eBAFcs2,The Learning Center,1,19,
1RR3cHbcBvInTdY45RFOww,flat,1,25,
2yMGGORUkeUaGpncYkH3yY,Jay Rockwell,1,28,
1eN8cRhMenjJXl1PdBrqmW,Jay Robinson,1,174,
1VVMuXTF2CBbUOHZ9lqawb,Pra da jay,1,22,
0pHgmhxQLOauVVMXpCRqum,Impactist,1,844,
32tzRT3Su3N98x9WZcpmxb,Jay Chevalier,1,61,
0aKIXUQZOyPhtoB6mUjTct,Ju Evans,1,37,
2jDwWJkX6uqKtbl6BlYyjh,Abby K,1,313,
06qk9RkKCigwdR6FLL0Dab,Peter Vermeersch,1,172,
34L5bwC8Jxqbt8jvxWjh9J,Siyabonga Makhavelii,1,61,
5v0Or6il9hRrTNF7Be82Hb,Wayne Garner,1,478,
2TtNEpQ6ZH45FzG3HlrW0r,Mathias Blomdahl,1,25,
0skwWrntP0is5elEZBm699,Ab Und Zu,1,166,
2tVZW9JiVFIuOmFi2picXI,Jay Nels,1,24,
3UI4z17nAzc6BHq1YfiW8K,Brooklyn Bass,1,4,
3gPosY5XOfomaC4uoqcjGC,The School,1,50,
4cHVITJRCBZpcITpKGaE7R,School For Heroes,1,205,
0b2Pn4KIEhy4x1wOH2hOi8,DJ Absinth,1,147,
2TMJwfENMwgEHnkbC9zmoV,Soulalive,1,126,
4W8zDCD8DHJNntc7cZ3VES,Jeffrey J,1,17,
0rB51nkxryQpqyFRMyRuHG,Armenian Children's Choir Ril & G,1,167,
1SDT1h52UsSBpWNQLBaG8U,Implode the Empire,1,251,
38mqraFPuVd7nvklUaipsX,School Zone Dragstrip,1,58,
1UzNFx3lnzFfoQHkF78tJl,AB/DC,1,339,
6djiLgXaK9zPk8eTlFR6f7,Ab Elizalde,1,95,
4z24FoAt0F5Cy1XnhRA7TV,Schoolfight,1,250,
6RMtHFKeR6SakVNjUhV2ex,The King's Men,1,119,
1awS4IAnfQ6hthXzZjKhqZ,Absolar,1,107,
5uHP9QKJgYzM1QIonFdf8c,Greg Barnett,1,6,
7LsFIZ7mINHwwy6YZEaJYT,Flattbush,1,548,pinoy metal
5xrNXxrYWLRWFFB31jRFC5,Ab & Fam,1,468,christian indie
5tofq6Sc921XHIJUiD01wl,Drummers Of The Societe Absolument Guinin,1,188,haitian traditional
4TCOvJDs3bale9roTCGGjv,Abavuki,2,355,
4Zkx1dUMyDWtf2hiWCMnGk,Flatirons Community Church,2,1921,
4wM2fMCsXU54LSAV75Rutp,School Damage,2,499,
5QfeMq7GkMOUISRDSkamuY,B☆KOOL,2,103,
3kpZ5iLHQBzm1ro5caltwq,Jay F.,2,12240,
4ccDfROQihPWNkGqLPFTt0,Underschool Element,2,457,
4QaVzByu0S9z6vQ0Dz1TNI,The UnderStairs,2,29,
7uwtUiGP3iz7uuYXPCV0vn,School for the Blind,2,464,
2ZgpfgCvMQEE1noLqWJ6BT,lee2,2,38,
7xrOk6f5GPHHCKTOOfpKFj,Jayant_unplugged,2,30,
6vD0uPSUoSq3Ocz8z9g7oe,Boshmaan,2,12,
6WwpiVmAYl31irV9DMiYB5,T.V. Slim,2,104,
5aevhvRAcojbXc9NcGkmXP,Dattaram,2,1092,
54ZXuEDqhFbQhtiB2M32YG,A.B,2,259,
5ji1tH7Y6MvWvFPd9NXzU5,Abstract,2,106,
5WaE4hQB2bdHfcnHB4c5RE,The School Book Depository,2,282,
3f1EELtabmL9U8Ewb1APnU,"Dunn Pearson, Jr.",2,84,
5dbp35H47nfmTAmCvg7El7,Karaoke 365,2,209,karaoke
0B0KnzeWHCyTHViQWRTTgT,James Kenneth,3,153,
3Aig33jZ3uUejp09MQVFMV,The Underscore Orkestra,3,1180,
0x98TiJQss5AfCybxcQKpW,Total Downer,3,445,
3aeaoYXedyHE6kJdKdZ4Mw,The Flatcap Boggins,3,54,
5mu2rGENOsGqLnb9hGum2X,School MC,3,204,
6lhCvDCN8CXq4cnVhrGGq3,Oasis of Relaxation,3,30,
57diNdTVwsk5c1YYDJ4fRs,HEBERT SOUL,3,2007,
7KlFC64Fuq4PXllFG0kKhO,Lickle Jay,3,238,
2HqiEPCpp31zYzq6PJJuAb,Soulful Abstraction,3,272,
02JpSGkpnasAgyRHkou01C,Eternal Damnation,3,422,
2zGeUoRLu0mX8kYhGB8Xx8,Shael Riley and the Double Ice Backfire,3,625,nerdcore
0NXrycBiXx8pi8yxU2ZaMY,MC JAY,4,2208,
3rr0xCqb3e7rEwe1m47N9D,Absolutely Relaxing Oasis,4,61,
5lSXsZB9OI5wd4jqo8r3yk,rugisixxwithassoul,4,3,
6OXIKHqsVYawN5v8PmwXus,J.Rich,4,160,
7aWhy4VzgTwBsjJ3ujtyix,Amilcar Abreu,4,66,
6rPQL5sLLgz3NHojE2mvzs,The AbSouljah,4,281,
0ziQpnevduLnTIZJoUUC7r,Absolute,4,21,
5VNvN4wnuaUAUEo0I5Yz5z,Flat Earth Society,4,2494,belgian modern jazz
0G3WGAyK6oBDEFP2BawQCD,Jay-Rah,5,575,
0Gi7Ir0G0nbuiKd6PdorFv,De Vega,5,488,
0CbvU94iUI2hAZcujPvpND,Jonathan Meyer,5,224,
6Optia3LZggZn8h1QiPMZp,J-Rack$,5,96,
4hzVjF30URFzqH2lPIOz0y,Soul Kid,5,37,
02TBPyi3AhELeEcmJ3VWzU,Jayy Babyy,5,6,
70am7D06qPM9t7X8MuuI0C,Ruido School Oficial,5,108,
31vTa82ODSyNiITX9E3y7g,Joe Guida the Singing School Bus Driver,5,319,
4ig2OPrnyIVpC1EEHlGjPb,AB,5,100,
7t3D0WhHWMlio6cF0hwfz4,J-Roc,5,737,
2ajnVAKkBz0QlGzUVUlVoW,Under Construction,5,113,
7mfzhpDDM34W08cpM7nCyI,The Passion Hifi,5,1692,jazz boom bap
4NVjIjAWxBpz1asm7P8Vsg,Ab The Audicrat,5,245,underground boom bap
1qYn8pVCNYoNUVfkV9kSPe,Alexander Ace Baker,6,24,
1M2Yk2Ytt4GTZ3aEc2lUcO,The London Studio Singers,6,25,
3hfirR6tr0V95st9JR6rWK,AB Soto,6,3072,strut
0LWgcHokhWYtVfM0XfxkBY,Soul Therapy Group,6,63,therapy
6YlGmtnEdWUoJ6T2wBuYQR,Pattie Brooks,6,1271,deep disco
6q1yIlLTY7MOLiF8eRJGKf,Shellmy,6,1481,visual kei
6ic5o2PpXcrWpWtnHTj8wZ,Undercover,6,1380,deep christian rock
14lR0MxZQqgAf7Zam2pwiI,Jayne County,6,4300,glam punk
1wfqoop8pdXN1UK1WGooj7,Joe Asselin,7,147,
4QX7y4FrHzW392BIGSWGhK,Peter Jay Jordan,7,83,
2DEDRigyf1zc55eR3NCe2I,Soul Warrior,7,190,
4u2dGauijBzoGSlGHytkHo,Yeshivah of Flatbush Choir,7,116,
037FMjP9IE9v7BE8d6OpP3,Angam,7,3123,
2iDjBG7xQv4hgKTgh6jhs6,skoolio,7,56,
1gYRC38THZOtYhjDjxUDMy,Jay Rob Covers,8,137,
7o8PkgRyVEX1MmH6ko1AvW,Abdelhamid Kichk,8,1281,
0xJ5c02QFNqADOIn2CMZlM,Abusou,8,2,
5DNPQ3wCvqrvFzKr7vR2XJ,Abhamani Ajash,8,35,
3BXruAMU1L829jLi3TCog9,Gary Hendrickson,8,41,
6t7feavBHFgu1y0mefwA0b,TAMURAHARUNA,8,190,
7IAh2sciwfZL1V2xwNDorc,Nikita Hollins,8,72,
39sQzwiWcPOhKPtFe4XBFC,Zamir Abbud,8,86,
39UVAtgFA0ljtXLf75MskA,Hermann Langschwert,8,104,library music
3SQLfVTpkQNXKRueLBRDcs,Four Charms,8,827,swing revival
6FHG3K7CgekHY1VQBzgRzF,District 9,8,3069,hardcore
64yfjhFPMATyVqtB7knCCH,Boody,8,1821,escape room
2PnfdIzp3K3fCNuPWQAPrl,Native Aboriginal Guru,9,752,
7x33McbDcLOdJibAaJ7OMf,Bailey Bell,9,126,
52g893xwjUoegC3Xs0qcd1,AnB Sol,9,263,
12sMjrr74dDXiGMiHEfCG6,Emerald Misty,9,81,
63PSWOw6XELaDuS7GgfIJ3,Corentin Brasart,10,190,
1wor3SAD77Qco4QWWJThrR,Jay Rowe,10,725,deep smooth jazz
2WkIXfE6qfBBj3KcNmLKLz,Ab Ex,11,2508,
0wgDsnsyLZpCS1Gj5cnI0r,Trez Hache,11,336,
0Q6ibtlnYmzK3YBxIM5Jmj,Flat Foot,11,551,
4J55oZzfEROeyb4ivQXlLS,Nova,11,311,
68QPDieT4Smm29mnkz6P8z,AB'S,11,1744,classic city pop
3pXz9pUn23TN919BNtwejn,Undershakers,11,2747,spanish indie pop
6WIU1qFqwiY5QFyy5Lhufj,Beam,12,1925,
2ZzxSgcTyj4wQntd0AZu8i,RELAX YOUR SOULD,12,368,
4wE1yK5amPtp1a9OvEkOvd,Jay Rouse,12,212,
7njVI64tD7tNReaQzVVbkS,Piano Music for Exam Study,12,238,
3PbzygNiM8isqjzMneD7BG,UnderClass U.C.,12,337,
1XXEsxWSR297DIhPpEJeWf,Mike T.,13,117,
4IQjJwGmmnC22n7NbMU2mj,Less Stress Music Academy,13,131,
1E7Oq0ErGmRQX8h8AVQCFX,Mr Jay,13,503,
2ZyDdd4aJKDNwkqqSXPh8r,Andy Statman,13,2422,klezmer
7Jw4VL3YHAClMJHFDsBxny,Soul Shine,14,3537,
62IgjjcwK123352oOFGt5y,Aboriginal Native Music,14,892,
1glmtWBntyb1E04e0OUO9K,Gert Wilden,14,928,
5359VXzfxjHo8wwQCzOc12,Piano Time,14,337,
2FN7MrB9txNTc1bSTvzC2U,Bril Abanti,14,1223,
04kH2QoBFD1iW0m7SCRk5W,William Jay Stein,14,158,
5T79klSdcTIlp2zO40kkAH,Nutso,14,1250,queens hip hop
4SUQ1GFY0jmck4xkXmMKlk,ONEDEFINED,15,1693,
5B03NyrIlzlcOYoKnzK01V,Above Zero,15,657,
3ytAC0k7QWiNuklVB2trck,Maxi Beatz,15,844,
54CUt2S6hufxE1MTYqVpmT,Flagship,15,8518,charlotte nc indie
46Ii49KGTckWh6cx3wObIo,Karaoke All Hits,16,1954,karaoke
0ey1XoGv9eqeTOrYJ25SJv,Jim Bob,16,4347,grebo
5vvexjQ7ylXNyh3wLp5FvA,Serenity Music Zone,17,278,
5nMVyuFsEVnru8HJRz5dmb,Transcendental Meditation,18,332,
26im6JWTt8LARpTOq2VLFi,The Superstarz Kids,18,1158,
6b9VZCMRqxxZcNJiqWiKgU,Piano Soul,18,363,
3BEIkQkCFPaqJAho1jgYbz,JJ Soul Band,18,1189,
04TDY4j03hFURbRxsHs8xa,Catherine Marie Charlton,18,850,new age piano
745TbWyvw0PLdyXErSDaPZ,Jay Roecker,19,2587,
2uti5VYcw9CSKw9gYx639x,"Luther ""Guitar Junior"" Johnson",20,3383,blues
4zfTcqK4VudzZgd0T8g1Fi,School Gyrls,21,34434,
0WKy8at5ffZwMldrnSSZ4d,Cabin Noise,21,57,
3qkPJk2Tddz1jxMzwTzN23,Tonal Meditation Collective,21,1907,meditation
6L8qZVWC4sWuYRSDXMLpsc,AB Syndrom,21,6497,german indie pop
3hLJDYtWwNLz7p3V9BuBCV,Motivation Sport Fitness,22,22670,
4sUnbVPsyKENYjsbusOj8a,Raw Artistic Soul,22,1695,
7iHSfL2mBgompBOf6caPV6,Chillout Café,22,7895,
5Hj1mPglZe5DoUmdGBwsnZ,Ella Joy Meir,22,5480,
4fX7F7yK1lNIEBe9TM38Ia,Chakra Cleansing Music Sanctuary,22,1718,chakra
3CtgjasLNN3Ym8SHm5JuJn,Singer's Edge Karaoke,22,1802,karaoke
4VL17UwE7ktJcG04WdbR9B,School of X,22,5446,danish electropop
6OSJbNbTYlqsoOAa2dek6U,Justin McConville,23,97,
0ZgHITwQ6vZg1KDjr1HJl6,Chill Out Beach Party Ibiza,23,11315,
6qSZBpbx8xgmJYnAVaaoqb,SoulBeatz,23,1441,anime lo-fi
4lkLnoUqxhkyo5Wmi2444x,Alex Orellana,23,3113,rap underground espanol
5kly36B42fm7GaSkV5y7zc,It's A Cover Up,24,12795,
6HUNQlzqD2MRIrDnHdhdTV,M4RO,24,145,
5KoeSSpgMfTtW4HeS3zIKA,Daddy Cool Kids,24,488,
311Xf4oyUUgMiVyMvrjIsO,Music For Absolute Sleep,24,4998,sleep
1mBdei7fcRpbUEYHgsQN9H,School Of Seven Bells,25,52580,dream pop
0FR8vsj1CQVGgXEBXkgOrV,Leon,26,4014,rock kapak
1mChelK5fqmS7lxluoXP9C,YASS,26,2499,soulful house
4tK1TZjoCeKTUr5flyNcxN,Carl Friedrich Abel,26,2821,baroque
0YEyuuhfdNXnTJh1uFhl3p,Pat Travers,26,90876,blues rock
23zJj2W0TQ0SvF4Fwo7mZK,Marco Bailey,26,29141,belgian techno
4vJc8H12qzSFspaOVcN1dN,Daron Robson,27,25,
2iaHoyIIR18JHpEkvQUfHR,Spa Music Consort,27,2242,spa
08u9L6t2nbl4zHMkQ642d2,Yoga Soul,27,7551,yoga
1l4YSFn1F3fHl1rgOElb0F,Jay-Roc,28,1249,bboy
6HwR10HBvWns7cEE7EJJTQ,Nursery Rhymes ABC,28,4111,nursery
3xMxj310bLRnpvtcNPU92a,School Food Punishment,28,33407,j-poprock
3AtiX3mgmF2cKIeigOGyf6,Flook,29,25627,celtic
2YcJC1hnLjOIvNN3naeAlG,Jay Rox,29,18656,zambian hip hop
0Eob3oXbs3eny5yHhM2QeW,Royal-T,29,7873,bass house
0ILg6S11FRLlqKHKOfTJyY,Rudy Royston,30,1056,
1lN5gAL0n7IogS7xyqnvrx,De Gouden Nachtegaaltjes,30,4568,muziek voor kinderen
7dXgXmdviIjwa82F4YNnDt,DJ Kee,31,8425,workout product
70napPWBnaiRereRVDhyB1,Sanjeev Abhyankar,31,46424,bhajan
60JUOTnRuDTetm7Hiwonev,Dickie Valentine,32,4946,
5aYAUA8CBgKOAhAmjEg9ra,Revolt Production Music,32,9597,epicore
2f6jGbE8VU74rb5AQtOdFz,Seamus Haji,32,13808,deep house
04mwHdsbf5QYDOpktMFpSa,Universal Production Music,36,2175,
4mljpk3sWHgcuxicdJVIsk,Chillout Lounge,37,34478,
3hZaebXqrD5crmyMP2x1qa,blnkspc_,38,4540,
2KFLecg2vCOBdzDPvfhX91,Coffee Shop Jazz Relax,38,19915,dinner jazz
2Uz58cSxlJgefDaSikxYQ7,Thomas Dolby,40,163255,new romantic
4ePGUzgUg8l92kFkWlbgK6,Ensemble de Musique Zen Relaxante,41,2478,zen
4gB2Nnsapxi4chX9f5zgku,Skooly,41,238113,atl trap
0GfXhZyN3s9wncxoZ8dB9Q,Loopable Radiance,42,1191,
3oAbjWINfcTSAuVUlXXMty,Steve Forbert,42,39802,country rock
3z0IVhtuFvt9VYUZGT98PU,Jay R,43,179120,opm
4D42J3IJpcTm3zxzmZ7TCV,The Undercover Dream Lovers,44,60956,
6fK2hnSgfRPxR6sL975XQS,Apathy,44,93124,deep flow
5q0OF8Ql4tW3OWFXftiUAO,Nursery Rhymes and Kids Songs,47,17872,nursery
3UDxdbAXqqKJG1pWgUgOCp,Study Alpha Waves,49,28310,brain waves
7rfR2Pmx3GNKyrjgMNCUEa,Study Music & Sounds,52,37352,sleep
4wLAjfeqAsV66AocWNcowA,Buju Banton,55,577601,dancehall
0U8dIwzBn17JkhYxmznp6T,Jayrick,55,17494,mexican hip hop
1JOQXgYdQV2yfrhewqx96o,Giuseppe Verdi,60,637615,classical
4SfGzWmeoNPKIOmiyc7Pav,Flatland Cavalry,63,225348,classic texas country
5zaXYwewAXedKNCff45U5l,Dusty Springfield,64,440898,adult standards
